{
    "projects": [
        {
            "title": "Facebook C3c Appstate Extractor Extension",
            "description": "A free extantion tool for extracting Facebook appstate (json cookie) .",
            "technologies": ["Python"],
            "website": "https://www.mediafire.com/file/3mgbvb7wex1yvw0/serverxC3c.zip/file",
            "featured": true
        },
        {
            "title": "Facebook token Extrator Extantion",
            "description": "A free extinction tool designed for extracting Facebook acces_token .",
            "technologies": ["Python"],
            "website": "https://www.mediafire.com/file/b4rn4bsk3ybohaa/AbhiGetTokenCookie.zip/file",
            "featured": true
        },
        {
            "title": "Serverx Official App",
            "description": "A high-performance App (SERVERX) for Facebook automation .",
            "technologies": ["HTML", "CSS", "JavaScript"],
            "website": "https://www.mediafire.com/file/oqk410go9bjgpwp/𝗦𝗘𝗥𝗩𝗘𝗥𝗫.apk/file",
            "featured": false
        }
    ]
} 